--
-- PostgreSQL database dump
--

SET statement_timeout = 0;
SET lock_timeout = 0;
SET client_encoding = 'UTF8';
SET standard_conforming_strings = on;
SET check_function_bodies = false;
SET client_min_messages = warning;

SET search_path = public, pg_catalog;

--
-- Data for Name: carts; Type: TABLE DATA; Schema: public; Owner: nguyenngocson0811
--

COPY carts (id, created_at, updated_at) FROM stdin;
1	2016-01-07 08:25:21.315436	2016-01-07 08:25:21.315436
\.


--
-- Name: carts_id_seq; Type: SEQUENCE SET; Schema: public; Owner: nguyenngocson0811
--

SELECT pg_catalog.setval('carts_id_seq', 1, true);


--
-- Data for Name: categories; Type: TABLE DATA; Schema: public; Owner: nguyenngocson0811
--

COPY categories (id, title, description, created_at, updated_at, level) FROM stdin;
1	Thực đơn chính		2016-01-07 07:23:29.653054	2016-01-07 07:23:29.653054	1
2	Thức uống		2016-01-07 07:23:29.657447	2016-01-07 07:23:29.657447	1
3	Cà phê		2016-01-07 07:39:46.976337	2016-01-07 07:39:46.976337	2
4	Nước giải khát		2016-01-07 07:39:59.759116	2016-01-07 07:39:59.759116	2
5	Món chính		2016-01-07 07:40:06.747437	2016-01-07 07:40:06.747437	2
6	Món phụ		2016-01-07 07:40:13.777485	2016-01-07 07:40:13.777485	2
7	Tráng miệng		2016-01-07 07:40:32.802185	2016-01-07 07:40:32.802185	2
\.


--
-- Name: categories_id_seq; Type: SEQUENCE SET; Schema: public; Owner: nguyenngocson0811
--

SELECT pg_catalog.setval('categories_id_seq', 7, true);


--
-- Data for Name: contacts; Type: TABLE DATA; Schema: public; Owner: nguyenngocson0811
--

COPY contacts (id, name, email, phone, website, message, created_at, updated_at) FROM stdin;
\.


--
-- Name: contacts_id_seq; Type: SEQUENCE SET; Schema: public; Owner: nguyenngocson0811
--

SELECT pg_catalog.setval('contacts_id_seq', 1, false);


--
-- Data for Name: homes; Type: TABLE DATA; Schema: public; Owner: nguyenngocson0811
--

COPY homes (id, created_at, updated_at) FROM stdin;
\.


--
-- Name: homes_id_seq; Type: SEQUENCE SET; Schema: public; Owner: nguyenngocson0811
--

SELECT pg_catalog.setval('homes_id_seq', 1, false);


--
-- Data for Name: products; Type: TABLE DATA; Schema: public; Owner: nguyenngocson0811
--

COPY products (id, image_url, name, price, category_id, manufacturer_id, description, created_at, updated_at) FROM stdin;
1	ca-phe.jpg	Cà phê sữa	12000.00	3	1	sad sad sad sad sad sad sad sad sad sad sad sad sad sad sad sad sad sad sad sad sad sad sad sad sad sad sad sad sad sad sad 	2016-01-07 07:43:56.982877	2016-01-07 07:43:56.982877
2	ca-phe-3-tang.jpg	Cà phê 3 tầng	15000.00	3	1	sad sad sad sad sad sad sad sad sad sad sad sad sad sad sad sad sad sad sad sad sad sad sad sad sad sad sad sad sad sad sad 	2016-01-07 07:44:22.307277	2016-01-07 07:44:22.307277
3	tra-bi-dao.jpg	Trà bí đao	8000.00	4	1	sad sad sad sad sad sad sad sad sad sad sad sad sad sad sad sad sad sad sad sad sad sad sad sad sad sad sad sad sad sad sad 	2016-01-07 07:45:20.758181	2016-01-07 07:45:20.758181
4	chay-rau-nam.jpg	Bún chay rau nấm	20000.00	5	1	sad sad sad sad sad sad sad sad sad sad sad sad sad sad sad sad sad sad sad sad sad sad sad sad sad sad sad sad sad sad sad 	2016-01-07 07:46:57.749726	2016-01-07 07:46:57.749726
6	trai-cay-dia.jpg	Trái cây dĩa	25000.00	7	1	sad sad sad sad sad sad sad sad sad sad sad sad sad sad sad sad sad sad sad sad sad sad sad sad sad sad sad sad sad sad sad 	2016-01-07 07:47:42.260128	2016-01-07 07:47:50.607516
5	cha-gio-chay.jpg	Chả giò chay	20000.00	6	1	sad sad sad sad sad sad sad sad sad sad sad sad sad sad sad sad sad sad sad sad sad sad sad sad sad sad sad sad sad sad sad	2016-01-07 07:47:20.975407	2016-01-07 07:55:37.333091
7	goi-cuon.jpg	Gỏi cuốn chay	30000.00	6	1	sad sad sad sad sad sad sad sad sad sad sad sad sad sad sad sad sad sad sad sad sad sad sad sad sad sad sad sad sad sad sad	2016-01-07 09:33:19.21474	2016-01-07 09:33:19.21474
\.


--
-- Data for Name: line_items; Type: TABLE DATA; Schema: public; Owner: nguyenngocson0811
--

COPY line_items (id, product_id, cart_id, created_at, updated_at, quantity) FROM stdin;
1	3	1	2016-01-07 08:25:21.353637	2016-01-07 08:25:28.246914	3
\.


--
-- Name: line_items_id_seq; Type: SEQUENCE SET; Schema: public; Owner: nguyenngocson0811
--

SELECT pg_catalog.setval('line_items_id_seq', 1, true);


--
-- Data for Name: listing_menu_products; Type: TABLE DATA; Schema: public; Owner: nguyenngocson0811
--

COPY listing_menu_products (id, menu_content_id, product_id, created_at, updated_at) FROM stdin;
\.


--
-- Name: listing_menu_products_id_seq; Type: SEQUENCE SET; Schema: public; Owner: nguyenngocson0811
--

SELECT pg_catalog.setval('listing_menu_products_id_seq', 1, false);


--
-- Data for Name: mains; Type: TABLE DATA; Schema: public; Owner: nguyenngocson0811
--

COPY mains (id, created_at, updated_at) FROM stdin;
\.


--
-- Name: mains_id_seq; Type: SEQUENCE SET; Schema: public; Owner: nguyenngocson0811
--

SELECT pg_catalog.setval('mains_id_seq', 1, false);


--
-- Data for Name: manufacturer_images; Type: TABLE DATA; Schema: public; Owner: nguyenngocson0811
--

COPY manufacturer_images (id, manufacturer_id, listing_image_url, created_at, updated_at) FROM stdin;
1	1	cha-gio-chay.jpg	2016-01-07 07:36:54.525418	2016-01-07 07:36:54.525418
2	1	chay-rau-nam.jpg	2016-01-07 07:36:54.603602	2016-01-07 07:36:54.603602
3	1	CQC8897.jpg	2016-01-07 07:36:54.634537	2016-01-07 07:36:54.634537
4	1	goi-cuon.jpg	2016-01-07 07:36:54.684285	2016-01-07 07:36:54.684285
5	1	mi-xao-chay.jpg	2016-01-07 07:36:54.708565	2016-01-07 07:36:54.708565
\.


--
-- Name: manufacturer_images_id_seq; Type: SEQUENCE SET; Schema: public; Owner: nguyenngocson0811
--

SELECT pg_catalog.setval('manufacturer_images_id_seq', 5, true);


--
-- Data for Name: manufacturers; Type: TABLE DATA; Schema: public; Owner: nguyenngocson0811
--

COPY manufacturers (id, image_url, name, address, phone, email, intro, created_at, updated_at) FROM stdin;
1	banner-1.jpg	Chay vì sức khỏe	TP.HCM	0918 214 859	info@chayvisuckhoe.com	<p>sad sad&nbsp;sad sad&nbsp;sad sad&nbsp;sad sad&nbsp;sad sad&nbsp;sad sad&nbsp;sad sad&nbsp;sad sad&nbsp;sad sad&nbsp;sad sad&nbsp;sad sad&nbsp;sad sad&nbsp;sad sad&nbsp;sad sad&nbsp;sad sad&nbsp;sad sad&nbsp;sad sad&nbsp;sad sad&nbsp;sad sad&nbsp;sad sad&nbsp;sad sad&nbsp;sad sad&nbsp;sad sad&nbsp;sad sad&nbsp;sad sad&nbsp;sad sad&nbsp;sad sad&nbsp;sad sad&nbsp;sad sad&nbsp;sad sad&nbsp;sad sad&nbsp;sad sad&nbsp;sad sad&nbsp;sad sad&nbsp;sad sad&nbsp;sad sad&nbsp;sad sad&nbsp;sad sad&nbsp;sad sad&nbsp;sad sad&nbsp;sad sad&nbsp;sad sad&nbsp;sad sad&nbsp;sad sad&nbsp;sad sad&nbsp;sad sad&nbsp;sad sad&nbsp;sad sad&nbsp;sad sad&nbsp;sad sad&nbsp;sad sad&nbsp;sad sad&nbsp;sad sad&nbsp;sad sad&nbsp;sad sad&nbsp;sad sad&nbsp;sad sad&nbsp;sad sad&nbsp;sad sad&nbsp;sad sad&nbsp;sad sad&nbsp;sad sad&nbsp;sad sad&nbsp;sad sad&nbsp;sad sad&nbsp;sad sad&nbsp;sad sad&nbsp;sad sad&nbsp;sad sad&nbsp;sad sad&nbsp;sad sad&nbsp;sad sad&nbsp;sad sad&nbsp;sad sad&nbsp;sad sad&nbsp;sad sad&nbsp;sad sad&nbsp;sad sad&nbsp;sad sad&nbsp;sad sad&nbsp;sad sad&nbsp;sad sad&nbsp;sad sad&nbsp;sad sad&nbsp;sad sad&nbsp;sad sad&nbsp;sad sad&nbsp;sad sad&nbsp;sad sad&nbsp;sad sad&nbsp;sad sad&nbsp;sad sad&nbsp;sad sad&nbsp;sad sad&nbsp;sad sad&nbsp;sad sad&nbsp;sad sad&nbsp;sad sad&nbsp;sad sad&nbsp;sad sad&nbsp;sad sad&nbsp;sad sad&nbsp;sad sad&nbsp;sad sad&nbsp;sad sad&nbsp;sad sad&nbsp;sad sad&nbsp;sad sad&nbsp;sad sad&nbsp;sad sad&nbsp;sad sad&nbsp;sad sad&nbsp;sad sad&nbsp;sad sad&nbsp;sad sad&nbsp;sad sad&nbsp;sad sad&nbsp;sad sad&nbsp;sad sad&nbsp;sad sad&nbsp;sad sad&nbsp;sad sad&nbsp;sad sad&nbsp;sad sad&nbsp;sad sad&nbsp;sad sad&nbsp;sad sad&nbsp;sad sad&nbsp;sad sad&nbsp;sad sad&nbsp;sad sad&nbsp;sad sad&nbsp;sad sad&nbsp;sad sad&nbsp;sad sad&nbsp;sad sad&nbsp;sad sad&nbsp;sad sad&nbsp;sad sad&nbsp;sad sad&nbsp;sad sad&nbsp;sad sad&nbsp;sad sad&nbsp;sad sad&nbsp;sad sad&nbsp;sad sad&nbsp;sad sad&nbsp;sad sad&nbsp;sad sad&nbsp;sad sad&nbsp;sad sad&nbsp;sad sad&nbsp;sad sad&nbsp;sad sad&nbsp;sad sad&nbsp;sad sad&nbsp;sad sad&nbsp;sad sad&nbsp;sad sad&nbsp;sad sad&nbsp;sad sad&nbsp;sad sad&nbsp;sad sad&nbsp;sad sad&nbsp;sad sad&nbsp;sad sad&nbsp;sad sad&nbsp;sad sad&nbsp;sad sad&nbsp;sad sad&nbsp;sad sad&nbsp;sad sad&nbsp;sad sad&nbsp;sad sad&nbsp;</p>\r\n	2016-01-07 07:23:29.634625	2016-01-07 07:35:43.204856
\.


--
-- Name: manufacturers_id_seq; Type: SEQUENCE SET; Schema: public; Owner: nguyenngocson0811
--

SELECT pg_catalog.setval('manufacturers_id_seq', 1, true);


--
-- Data for Name: menu_contents; Type: TABLE DATA; Schema: public; Owner: nguyenngocson0811
--

COPY menu_contents (id, title, content, created_at, updated_at) FROM stdin;
\.


--
-- Name: menu_contents_id_seq; Type: SEQUENCE SET; Schema: public; Owner: nguyenngocson0811
--

SELECT pg_catalog.setval('menu_contents_id_seq', 1, false);


--
-- Data for Name: newsletters; Type: TABLE DATA; Schema: public; Owner: nguyenngocson0811
--

COPY newsletters (id, email, created_at, updated_at) FROM stdin;
\.


--
-- Name: newsletters_id_seq; Type: SEQUENCE SET; Schema: public; Owner: nguyenngocson0811
--

SELECT pg_catalog.setval('newsletters_id_seq', 1, false);


--
-- Data for Name: order_details; Type: TABLE DATA; Schema: public; Owner: nguyenngocson0811
--

COPY order_details (id, order_id, product_id, quantity, created_at, updated_at, price) FROM stdin;
\.


--
-- Name: order_details_id_seq; Type: SEQUENCE SET; Schema: public; Owner: nguyenngocson0811
--

SELECT pg_catalog.setval('order_details_id_seq', 1, false);


--
-- Data for Name: orders; Type: TABLE DATA; Schema: public; Owner: nguyenngocson0811
--

COPY orders (id, type_id, customer_name, customer_email, customer_phone, many_people, message, created_at, updated_at, order_time, order_date) FROM stdin;
\.


--
-- Name: orders_id_seq; Type: SEQUENCE SET; Schema: public; Owner: nguyenngocson0811
--

SELECT pg_catalog.setval('orders_id_seq', 1, false);


--
-- Data for Name: parent_categories; Type: TABLE DATA; Schema: public; Owner: nguyenngocson0811
--

COPY parent_categories (id, parent_id, category_id, created_at, updated_at) FROM stdin;
1	2	3	2016-01-07 07:39:46.978744	2016-01-07 07:39:46.978744
2	2	4	2016-01-07 07:39:59.761352	2016-01-07 07:39:59.761352
3	1	5	2016-01-07 07:40:06.755909	2016-01-07 07:40:06.755909
4	1	6	2016-01-07 07:40:13.795767	2016-01-07 07:40:13.795767
5	1	7	2016-01-07 07:40:32.804145	2016-01-07 07:40:32.804145
\.


--
-- Name: parent_categories_id_seq; Type: SEQUENCE SET; Schema: public; Owner: nguyenngocson0811
--

SELECT pg_catalog.setval('parent_categories_id_seq', 5, true);


--
-- Data for Name: posts; Type: TABLE DATA; Schema: public; Owner: nguyenngocson0811
--

COPY posts (id, tag_id, title, content, general_benefit, created_at, updated_at, image_url, run_check) FROM stdin;
1	3	Abc Xyz	<p>sad sad sad sad sad sad sad sad sad sad sad sad sad sad sad sad sad sad sad sad sad sad sad sad sad sad sad sad sad sad sad&nbsp;sad sad sad sad sad sad sad sad sad sad sad sad sad sad sad sad sad sad sad sad sad sad sad sad sad sad sad sad sad sad sad&nbsp;sad sad sad sad sad sad sad sad sad sad sad sad sad sad sad sad sad sad sad sad sad sad sad sad sad sad sad sad sad sad sad&nbsp;sad sad sad sad sad sad sad sad sad sad sad sad sad sad sad sad sad sad sad sad sad sad sad sad sad sad sad sad sad sad sad&nbsp;sad sad sad sad sad sad sad sad sad sad sad sad sad sad sad sad sad sad sad sad sad sad sad sad sad sad sad sad sad sad sad&nbsp;sad sad sad sad sad sad sad sad sad sad sad sad sad sad sad sad sad sad sad sad sad sad sad sad sad sad sad sad sad sad sad&nbsp;sad sad sad sad sad sad sad sad sad sad sad sad sad sad sad sad sad sad sad sad sad sad sad sad sad sad sad sad sad sad sad&nbsp;sad sad sad sad sad sad sad sad sad sad sad sad sad sad sad sad sad sad sad sad sad sad sad sad sad sad sad sad sad sad sad&nbsp;sad sad sad sad sad sad sad sad sad sad sad sad sad sad sad sad sad sad sad sad sad sad sad sad sad sad sad sad sad sad sad</p>\r\n		2016-01-07 08:01:57.39301	2016-01-07 08:01:57.39301	tra-bi-dao.jpg	False
2	2	Sự kiện tiệc chay tại Nhà hàng Chay vì sức khỏe	<p>sad sad sad sad sad sad sad sad sad sad sad sad sad sad sad sad sad sad sad sad sad sad sad sad sad sad sad sad sad sad sad&nbsp;sad sad sad sad sad sad sad sad sad sad sad sad sad sad sad sad sad sad sad sad sad sad sad sad sad sad sad sad sad sad sad&nbsp;sad sad sad sad sad sad sad sad sad sad sad sad sad sad sad sad sad sad sad sad sad sad sad sad sad sad sad sad sad sad sad&nbsp;sad sad sad sad sad sad sad sad sad sad sad sad sad sad sad sad sad sad sad sad sad sad sad sad sad sad sad sad sad sad sad&nbsp;sad sad sad sad sad sad sad sad sad sad sad sad sad sad sad sad sad sad sad sad sad sad sad sad sad sad sad sad sad sad sad&nbsp;sad sad sad sad sad sad sad sad sad sad sad sad sad sad sad sad sad sad sad sad sad sad sad sad sad sad sad sad sad sad sad&nbsp;sad sad sad sad sad sad sad sad sad sad sad sad sad sad sad sad sad sad sad sad sad sad sad sad sad sad sad sad sad sad sad&nbsp;sad sad sad sad sad sad sad sad sad sad sad sad sad sad sad sad sad sad sad sad sad sad sad sad sad sad sad sad sad sad sad&nbsp;sad sad sad sad sad sad sad sad sad sad sad sad sad sad sad sad sad sad sad sad sad sad sad sad sad sad sad sad sad sad sad&nbsp;sad sad sad sad sad sad sad sad sad sad sad sad sad sad sad sad sad sad sad sad sad sad sad sad sad sad sad sad sad sad sad&nbsp;sad sad sad sad sad sad sad sad sad sad sad sad sad sad sad sad sad sad sad sad sad sad sad sad sad sad sad sad sad sad sad</p>\r\n	sad sad sad sad sad sad sad sad sad sad sad sad sad sad sad sad sad sad sad sad sad sad sad sad sad sad sad sad sad sad sad.	2016-01-07 08:03:14.598767	2016-01-07 08:03:14.598767	CQC8897.jpg	False
3	6	Hình ảnh món chay	<p style="text-align: center;"><img alt="" src="https://farm2.staticflickr.com/1547/23857983259_17aabbfa89_m.jpg" style="border-style:solid; border-width:2px; height:180px; width:240px" />&nbsp;&nbsp;<img src="https://farm2.staticflickr.com/1545/24225829175_f389f47b2b_b.jpg" style="border-style:solid; border-width:2px; height:180px; width:240px" />&nbsp;&nbsp;<img src="https://farm2.staticflickr.com/1688/24225828285_fe31944f7c_c.jpg" style="border-style:solid; border-width:2px; height:180px; width:260px" /></p>\r\n		2016-01-07 08:07:40.065239	2016-01-07 08:07:40.065239	banner-1.jpg	False
4	1	Lợi ích của việc ăn chay	<p>sad sad sad sad sad sad sad sad sad sad sad sad sad sad sad sad sad sad sad sad sad sad sad sad sad sad sad sad sad sad sad&nbsp;sad sad sad sad sad sad sad sad sad sad sad sad sad sad sad sad sad sad sad sad sad sad sad sad sad sad sad sad sad sad sad&nbsp;sad sad sad sad sad sad sad sad sad sad sad sad sad sad sad sad sad sad sad sad sad sad sad sad sad sad sad sad sad sad sad&nbsp;sad sad sad sad sad sad sad sad sad sad sad sad sad sad sad sad sad sad sad sad sad sad sad sad sad sad sad sad sad sad sad&nbsp;sad sad sad sad sad sad sad sad sad sad sad sad sad sad sad sad sad sad sad sad sad sad sad sad sad sad sad sad sad sad sad&nbsp;sad sad sad sad sad sad sad sad sad sad sad sad sad sad sad sad sad sad sad sad sad sad sad sad sad sad sad sad sad sad sad&nbsp;sad sad sad sad sad sad sad sad sad sad sad sad sad sad sad sad sad sad sad sad sad sad sad sad sad sad sad sad sad sad sad&nbsp;sad sad sad sad sad sad sad sad sad sad sad sad sad sad sad sad sad sad sad sad sad sad sad sad sad sad sad sad sad sad sad&nbsp;sad sad sad sad sad sad sad sad sad sad sad sad sad sad sad sad sad sad sad sad sad sad sad sad sad sad sad sad sad sad sad&nbsp;sad sad sad sad sad sad sad sad sad sad sad sad sad sad sad sad sad sad sad sad sad sad sad sad sad sad sad sad sad sad sad&nbsp;sad sad sad sad sad sad sad sad sad sad sad sad sad sad sad sad sad sad sad sad sad sad sad sad sad sad sad sad sad sad sad</p>\r\n		2016-01-07 08:10:04.734646	2016-01-07 08:10:04.734646	goi-cuon.jpg	False
5	1	Món chay ngon	<p>sad sad sad sad sad sad sad sad sad sad sad sad sad sad sad sad sad sad sad sad sad sad sad sad sad sad sad sad sad sad sad&nbsp;sad sad sad sad sad sad sad sad sad sad sad sad sad sad sad sad sad sad sad sad sad sad sad sad sad sad sad sad sad sad sad&nbsp;sad sad sad sad sad sad sad sad sad sad sad sad sad sad sad sad sad sad sad sad sad sad sad sad sad sad sad sad sad sad sad&nbsp;sad sad sad sad sad sad sad sad sad sad sad sad sad sad sad sad sad sad sad sad sad sad sad sad sad sad sad sad sad sad sad&nbsp;sad sad sad sad sad sad sad sad sad sad sad sad sad sad sad sad sad sad sad sad sad sad sad sad sad sad sad sad sad sad sad&nbsp;sad sad sad sad sad sad sad sad sad sad sad sad sad sad sad sad sad sad sad sad sad sad sad sad sad sad sad sad sad sad sad&nbsp;sad sad sad sad sad sad sad sad sad sad sad sad sad sad sad sad sad sad sad sad sad sad sad sad sad sad sad sad sad sad sad&nbsp;sad sad sad sad sad sad sad sad sad sad sad sad sad sad sad sad sad sad sad sad sad sad sad sad sad sad sad sad sad sad sad&nbsp;sad sad sad sad sad sad sad sad sad sad sad sad sad sad sad sad sad sad sad sad sad sad sad sad sad sad sad sad sad sad sad&nbsp;sad sad sad sad sad sad sad sad sad sad sad sad sad sad sad sad sad sad sad sad sad sad sad sad sad sad sad sad sad sad sad&nbsp;sad sad sad sad sad sad sad sad sad sad sad sad sad sad sad sad sad sad sad sad sad sad sad sad sad sad sad sad sad sad sad</p>\r\n		2016-01-07 08:10:39.643727	2016-01-07 08:10:39.643727	cha-gio-chay.jpg	False
6	1	Cách làm món mì xào	<p>sad sad sad sad sad sad sad sad sad sad sad sad sad sad sad sad sad sad sad sad sad sad sad sad sad sad sad sad sad sad sad&nbsp;sad sad sad sad sad sad sad sad sad sad sad sad sad sad sad sad sad sad sad sad sad sad sad sad sad sad sad sad sad sad sad&nbsp;sad sad sad sad sad sad sad sad sad sad sad sad sad sad sad sad sad sad sad sad sad sad sad sad sad sad sad sad sad sad sad&nbsp;sad sad sad sad sad sad sad sad sad sad sad sad sad sad sad sad sad sad sad sad sad sad sad sad sad sad sad sad sad sad sad&nbsp;sad sad sad sad sad sad sad sad sad sad sad sad sad sad sad sad sad sad sad sad sad sad sad sad sad sad sad sad sad sad sad&nbsp;sad sad sad sad sad sad sad sad sad sad sad sad sad sad sad sad sad sad sad sad sad sad sad sad sad sad sad sad sad sad sad&nbsp;sad sad sad sad sad sad sad sad sad sad sad sad sad sad sad sad sad sad sad sad sad sad sad sad sad sad sad sad sad sad sad&nbsp;sad sad sad sad sad sad sad sad sad sad sad sad sad sad sad sad sad sad sad sad sad sad sad sad sad sad sad sad sad sad sad&nbsp;sad sad sad sad sad sad sad sad sad sad sad sad sad sad sad sad sad sad sad sad sad sad sad sad sad sad sad sad sad sad sad&nbsp;sad sad sad sad sad sad sad sad sad sad sad sad sad sad sad sad sad sad sad sad sad sad sad sad sad sad sad sad sad sad sad&nbsp;sad sad sad sad sad sad sad sad sad sad sad sad sad sad sad sad sad sad sad sad sad sad sad sad sad sad sad sad sad sad sad</p>\r\n		2016-01-07 08:11:00.243116	2016-01-07 08:11:00.243116	banner-1.jpg	False
7	5	Giờ hoạt động của nhà hàng	<h4><strong>THỨ 2 - THỨ 6&nbsp;</strong></h4>\r\n\r\n<p><strong>S&aacute;ng:</strong>&nbsp;<em>08:00 - 12:00</em></p>\r\n\r\n<p><strong>Chiều:</strong>&nbsp;<em>12:00&nbsp;- 22:00</em></p>\r\n\r\n<h4><strong>THỨ 7&nbsp;- CHỦ NHẬT</strong></h4>\r\n\r\n<p><strong>S&aacute;ng:</strong>&nbsp;<em>08:00 - 12:00</em></p>\r\n\r\n<p><strong>Chiều:</strong>&nbsp;<em>12:00&nbsp;- 22:00</em></p>\r\n		2016-01-07 09:20:39.389557	2016-01-07 09:22:57.622966	\N	False
\.


--
-- Name: posts_id_seq; Type: SEQUENCE SET; Schema: public; Owner: nguyenngocson0811
--

SELECT pg_catalog.setval('posts_id_seq', 7, true);


--
-- Data for Name: product_of_events; Type: TABLE DATA; Schema: public; Owner: nguyenngocson0811
--

COPY product_of_events (id, post_id, product_id, created_at, updated_at) FROM stdin;
1	2	1	2016-01-07 08:03:14.611465	2016-01-07 08:03:14.611465
2	2	2	2016-01-07 08:03:14.624469	2016-01-07 08:03:14.624469
3	2	3	2016-01-07 08:03:14.632162	2016-01-07 08:03:14.632162
4	2	4	2016-01-07 08:03:14.639939	2016-01-07 08:03:14.639939
\.


--
-- Name: product_of_events_id_seq; Type: SEQUENCE SET; Schema: public; Owner: nguyenngocson0811
--

SELECT pg_catalog.setval('product_of_events_id_seq', 4, true);


--
-- Name: products_id_seq; Type: SEQUENCE SET; Schema: public; Owner: nguyenngocson0811
--

SELECT pg_catalog.setval('products_id_seq', 7, true);


--
-- Data for Name: roles; Type: TABLE DATA; Schema: public; Owner: nguyenngocson0811
--

COPY roles (id, name, created_at, updated_at) FROM stdin;
1	admin	2016-01-07 07:23:29.95712	2016-01-07 07:23:29.95712
2	chef	2016-01-07 07:23:29.961537	2016-01-07 07:23:29.961537
\.


--
-- Name: roles_id_seq; Type: SEQUENCE SET; Schema: public; Owner: nguyenngocson0811
--

SELECT pg_catalog.setval('roles_id_seq', 2, true);


--
-- Data for Name: schema_migrations; Type: TABLE DATA; Schema: public; Owner: nguyenngocson0811
--

COPY schema_migrations (version) FROM stdin;
20151130002340
20151130004953
20151130010211
20151130010428
20151130010526
20151130010720
20151130010742
20151130011114
20151130011146
20151202032247
20151207013559
20151208071646
20151208095159
20151209015909
20151211021103
20151211040554
20151211064257
20151212011854
20151212021329
20151212024419
20151212045213
20151214022034
20151214085128
20151215012454
20151215012653
20151215134025
20151218022609
20151219023652
20151219050222
20151219145820
20151229035206
20151229083144
20151229083203
\.


--
-- Data for Name: slide_shows; Type: TABLE DATA; Schema: public; Owner: nguyenngocson0811
--

COPY slide_shows (id, image_url, title_1, title_2, description, created_at, updated_at, tag_name, link) FROM stdin;
3	goi-cuon.jpg	MÓN CHAY	GỎI CUỐN CHAY	sad sad sad sad sad sad sad sad sad sad sad sad sad sad sad sad sad sad sad sad sad sad sad sad sad sad sad sad sad sad sad	2016-01-07 09:08:02.223375	2016-01-07 09:33:49.753497	Products	http://chayvisuckhoe.com/homes/product_detail?id=7
1	CQC8897.jpg	DANH SÁCH	 NHÀ HÀNG CHAY	sad sad sad sad sad sad sad sad sad sad sad sad sad sad sad sad sad sad sad sad sad sad sad sad sad sad sad sad sad sad sad	2016-01-07 07:59:30.410528	2016-01-07 09:34:05.423743	General Manufacturers	http://chayvisuckhoe.com/homes/general_manufacturer
\.


--
-- Name: slide_shows_id_seq; Type: SEQUENCE SET; Schema: public; Owner: nguyenngocson0811
--

SELECT pg_catalog.setval('slide_shows_id_seq', 3, true);


--
-- Data for Name: tags; Type: TABLE DATA; Schema: public; Owner: nguyenngocson0811
--

COPY tags (id, title, description, created_at, updated_at) FROM stdin;
1	Tin tức	Tạo các bài viết có nội dung là tin tức (Trang tin tức).	2016-01-07 07:23:29.552227	2016-01-07 07:23:29.552227
2	Sự kiện	Tạo các bài viết có nội dung là sự kiện (Trang tin tức).	2016-01-07 07:23:29.558533	2016-01-07 07:23:29.558533
3	Dịch vụ	Tạo các bài viết có nội dung là dịch vụ (Trang dịch vụ).	2016-01-07 07:23:29.561535	2016-01-07 07:23:29.561535
4	Lời giới thiệu	Tạo các bài viết có nội dung là lời giới thiệu (Lời giới thiệu ở cuối trang).	2016-01-07 07:23:29.564936	2016-01-07 07:23:29.564936
5	Giờ mở cửa	Cập nhật thông tin thời gian hoạt động của nhà hàng.	2016-01-07 07:23:29.568686	2016-01-07 07:23:29.568686
6	Hình ảnh	Tạo các bài viết có nội dung là hình ảnh (Trang hình ảnh).	2016-01-07 07:23:29.57218	2016-01-07 07:23:29.57218
\.


--
-- Name: tags_id_seq; Type: SEQUENCE SET; Schema: public; Owner: nguyenngocson0811
--

SELECT pg_catalog.setval('tags_id_seq', 6, true);


--
-- Data for Name: types; Type: TABLE DATA; Schema: public; Owner: nguyenngocson0811
--

COPY types (id, title, description, created_at, updated_at) FROM stdin;
1	Giao hàng	Loại của đơn hàng là Giao hàng.	2016-01-07 07:23:29.582182	2016-01-07 07:23:29.582182
2	Đặt món	Loại của đơn hàng là Đặt món.	2016-01-07 07:23:29.585278	2016-01-07 07:23:29.585278
\.


--
-- Name: types_id_seq; Type: SEQUENCE SET; Schema: public; Owner: nguyenngocson0811
--

SELECT pg_catalog.setval('types_id_seq', 2, true);


--
-- Data for Name: users; Type: TABLE DATA; Schema: public; Owner: nguyenngocson0811
--

COPY users (id, email, encrypted_password, reset_password_token, reset_password_sent_at, remember_created_at, sign_in_count, current_sign_in_at, last_sign_in_at, current_sign_in_ip, last_sign_in_ip, created_at, updated_at, user_name, role_id) FROM stdin;
2	chef@chayvisuckhoe.com	$2a$10$XXR0vAWZ2/lIpBnZmRv1/ubv8nqWhefWB5naPRihe.QqSyjca.vMS	\N	\N	\N	0	\N	\N	\N	\N	2016-01-07 07:23:29.923202	2016-01-07 07:23:29.923202	Chef	\N
1	admin@chayvisuckhoe.com	$2a$10$8ek6y6d9KUMm5uA7PYT/V.MpceBmqeHgmAbtO7ZyQPfkN5gIq7NS.	\N	\N	\N	1	2016-01-07 07:34:35.356791	2016-01-07 07:34:35.356791	192.168.1.90	192.168.1.90	2016-01-07 07:23:29.819997	2016-01-07 07:34:35.358338	Administrator	\N
\.


--
-- Name: users_id_seq; Type: SEQUENCE SET; Schema: public; Owner: nguyenngocson0811
--

SELECT pg_catalog.setval('users_id_seq', 2, true);


--
-- PostgreSQL database dump complete
--

--
-- PostgreSQL database dump
--

SET statement_timeout = 0;
SET lock_timeout = 0;
SET client_encoding = 'UTF8';
SET standard_conforming_strings = on;
SET check_function_bodies = false;
SET client_min_messages = warning;

SET search_path = public, pg_catalog;

--
-- Data for Name: carts; Type: TABLE DATA; Schema: public; Owner: cvsk
--

COPY carts (id, created_at, updated_at) FROM stdin;
8	2016-01-04 14:45:00.953956	2016-01-04 14:45:00.953956
9	2016-01-04 15:36:38.763227	2016-01-04 15:36:38.763227
10	2016-01-05 10:51:56.987711	2016-01-05 10:51:56.987711
11	2016-01-06 04:21:07.206223	2016-01-06 04:21:07.206223
12	2016-01-06 14:42:30.678004	2016-01-06 14:42:30.678004
13	2016-01-07 08:54:41.379644	2016-01-07 08:54:41.379644
14	2016-01-08 15:31:24.178783	2016-01-08 15:31:24.178783
15	2016-01-09 14:24:39.013878	2016-01-09 14:24:39.013878
16	2016-01-11 02:50:46.990304	2016-01-11 02:50:46.990304
17	2016-01-11 07:00:59.355185	2016-01-11 07:00:59.355185
18	2016-01-13 02:59:03.883938	2016-01-13 02:59:03.883938
19	2016-01-13 04:40:53.845108	2016-01-13 04:40:53.845108
20	2016-01-15 05:43:14.18541	2016-01-15 05:43:14.18541
21	2016-01-16 04:38:23.360013	2016-01-16 04:38:23.360013
22	2016-01-16 04:39:41.910528	2016-01-16 04:39:41.910528
23	2016-01-18 08:22:34.014008	2016-01-18 08:22:34.014008
\.


--
-- Name: carts_id_seq; Type: SEQUENCE SET; Schema: public; Owner: cvsk
--

SELECT pg_catalog.setval('carts_id_seq', 23, true);


--
-- Data for Name: categories; Type: TABLE DATA; Schema: public; Owner: cvsk
--

COPY categories (id, title, description, created_at, updated_at, level) FROM stdin;
1	Thực đơn chính		2015-12-19 15:00:14.255415	2015-12-19 15:00:14.255415	1
2	Thức uống		2015-12-19 15:00:14.258888	2015-12-19 15:00:14.258888	1
3	Cơm chay		2015-12-19 15:05:35.059054	2015-12-19 15:05:35.059054	2
4	Món xào		2015-12-19 15:05:41.610617	2015-12-19 15:05:41.610617	2
5	Sửa đậu nành		2015-12-19 15:05:55.113532	2015-12-19 15:05:55.113532	2
6	La hán quả		2015-12-19 15:06:08.849377	2015-12-19 15:06:08.849377	2
7	Cà phê		2015-12-25 01:06:44.589765	2015-12-25 01:06:44.589765	2
8	Nước giải khát		2015-12-25 01:09:08.309261	2015-12-25 01:09:08.309261	2
\.


--
-- Name: categories_id_seq; Type: SEQUENCE SET; Schema: public; Owner: cvsk
--

SELECT pg_catalog.setval('categories_id_seq', 39, true);


--
-- Data for Name: contacts; Type: TABLE DATA; Schema: public; Owner: cvsk
--

COPY contacts (id, name, email, phone, website, message, created_at, updated_at) FROM stdin;
\.


--
-- Name: contacts_id_seq; Type: SEQUENCE SET; Schema: public; Owner: cvsk
--

SELECT pg_catalog.setval('contacts_id_seq', 1, false);


--
-- Data for Name: homes; Type: TABLE DATA; Schema: public; Owner: cvsk
--

COPY homes (id, created_at, updated_at) FROM stdin;
\.


--
-- Name: homes_id_seq; Type: SEQUENCE SET; Schema: public; Owner: cvsk
--

SELECT pg_catalog.setval('homes_id_seq', 1, false);


--
-- Data for Name: products; Type: TABLE DATA; Schema: public; Owner: cvsk
--

COPY products (id, image_url, name, price, category_id, manufacturer_id, description, created_at, updated_at) FROM stdin;
1	chay-rau-nam.jpg	Chay rau nấm	15000.00	3	1		2015-12-19 15:06:25.303458	2015-12-19 15:06:25.303458
2	goi-cuon.jpg	Cơm ABC	50000.00	3	2		2015-12-19 15:06:41.287654	2015-12-19 15:06:41.287654
4	ca-phe-den.JPG	Cà phê đen	10000.00	7	2		2015-12-25 01:07:13.272935	2015-12-25 01:07:13.272935
5	ca-phe-3-tang.jpg	Cà phê 3 tầng	25000.00	7	3		2015-12-25 01:07:40.91125	2015-12-25 01:07:40.91125
6	ca-phe.jpg	Cà phê sửa	15000.00	7	2		2015-12-25 01:08:04.385893	2015-12-25 01:08:04.385893
7	c2.jpg	Trà xanh C2	10000.00	8	2		2015-12-25 01:09:33.88139	2015-12-25 01:09:33.88139
8	CQC8897.jpg	Mì xào giòn	25000.00	4	1		2015-12-25 01:10:07.473053	2015-12-25 01:10:07.473053
3	ca-phe-den.JPG	La hán quả	15000.00	6	1		2015-12-19 15:07:06.545869	2015-12-25 07:07:50.80983
9	chay-rau-nam.jpg	Mì chay rau nấm 	25000.00	3	1		2015-12-25 07:08:33.962951	2015-12-25 07:08:33.962951
\.


--
-- Data for Name: line_items; Type: TABLE DATA; Schema: public; Owner: cvsk
--

COPY line_items (id, product_id, cart_id, created_at, updated_at, quantity) FROM stdin;
2	3	8	2016-01-04 14:45:08.1145	2016-01-04 14:45:08.1145	1
3	3	9	2016-01-04 15:50:05.046464	2016-01-04 15:50:05.046464	1
4	1	11	2016-01-06 04:21:07.243042	2016-01-06 04:21:07.243042	1
5	9	11	2016-01-06 04:21:46.601657	2016-01-06 04:21:46.601657	1
6	3	12	2016-01-06 14:42:55.805059	2016-01-06 14:42:55.805059	1
7	3	16	2016-01-11 02:50:49.943558	2016-01-11 02:50:49.943558	1
10	1	18	2016-01-13 03:30:08.335843	2016-01-13 03:30:08.335843	1
11	1	19	2016-01-13 04:41:01.488334	2016-01-13 04:41:01.488334	1
12	1	21	2016-01-16 04:38:23.395672	2016-01-16 04:38:23.395672	1
13	1	22	2016-01-16 04:39:41.920729	2016-01-16 04:39:41.920729	1
\.


--
-- Name: line_items_id_seq; Type: SEQUENCE SET; Schema: public; Owner: cvsk
--

SELECT pg_catalog.setval('line_items_id_seq', 13, true);


--
-- Data for Name: listing_menu_products; Type: TABLE DATA; Schema: public; Owner: cvsk
--

COPY listing_menu_products (id, menu_content_id, product_id, created_at, updated_at) FROM stdin;
1	1	1	2015-12-25 08:03:39.927141	2015-12-25 08:03:39.927141
2	1	2	2015-12-25 08:03:39.944197	2015-12-25 08:03:39.944197
3	1	4	2015-12-25 08:03:39.945718	2015-12-25 08:03:39.945718
4	1	5	2015-12-25 08:03:39.946994	2015-12-25 08:03:39.946994
5	1	8	2015-12-25 08:03:39.953542	2015-12-25 08:03:39.953542
\.


--
-- Name: listing_menu_products_id_seq; Type: SEQUENCE SET; Schema: public; Owner: cvsk
--

SELECT pg_catalog.setval('listing_menu_products_id_seq', 5, true);


--
-- Data for Name: mains; Type: TABLE DATA; Schema: public; Owner: cvsk
--

COPY mains (id, created_at, updated_at) FROM stdin;
\.


--
-- Name: mains_id_seq; Type: SEQUENCE SET; Schema: public; Owner: cvsk
--

SELECT pg_catalog.setval('mains_id_seq', 1, false);


--
-- Data for Name: manufacturer_images; Type: TABLE DATA; Schema: public; Owner: cvsk
--

COPY manufacturer_images (id, manufacturer_id, listing_image_url, created_at, updated_at) FROM stdin;
1	3	ca-phe-den.JPG	2015-12-21 03:19:25.834078	2015-12-21 03:19:25.834078
2	3	c2.jpg	2015-12-21 03:19:25.881741	2015-12-21 03:19:25.881741
3	3	CQC8897.jpg	2015-12-21 03:19:25.902356	2015-12-21 03:19:25.902356
4	3	goi-cuon.jpg	2015-12-21 03:19:25.927787	2015-12-21 03:19:25.927787
\.


--
-- Name: manufacturer_images_id_seq; Type: SEQUENCE SET; Schema: public; Owner: cvsk
--

SELECT pg_catalog.setval('manufacturer_images_id_seq', 1, false);


--
-- Data for Name: manufacturers; Type: TABLE DATA; Schema: public; Owner: cvsk
--

COPY manufacturers (id, image_url, name, address, phone, email, intro, created_at, updated_at) FROM stdin;
1	CQC8897.jpg	Chay vì sức khỏe	TP.HCM	0918 214 859	info@chayvisuckhoe.com		2015-12-19 15:00:14.236581	2015-12-21 02:20:59.573015
3	goi-cuon.jpg	Thuyền Viên	Gò Vấp, TP.HCM	0111223232	info@thuyenvien.com.vn		2015-12-21 03:19:25.811352	2015-12-21 03:19:25.811352
2	chay-rau-nam.jpg	Thiện Nhân	Q.Gò Vấp, TP.HCM	0123 456 789	info@thiennhan.com		2015-12-19 15:00:14.240597	2015-12-25 02:35:14.315442
\.


--
-- Name: manufacturers_id_seq; Type: SEQUENCE SET; Schema: public; Owner: cvsk
--

SELECT pg_catalog.setval('manufacturers_id_seq', 33, true);


--
-- Data for Name: menu_contents; Type: TABLE DATA; Schema: public; Owner: cvsk
--

COPY menu_contents (id, title, content, created_at, updated_at) FROM stdin;
1	Lợi ích khi dùng thực phẩm chay	<p>Ăn chay mang lại rất nhiều lợi &iacute;ch cho sức khỏe của bạn, tuy nhi&ecirc;n c&aacute;ch chế biến m&oacute;n ăn chay cần sử dụng đến nước d&ugrave;ng th&igrave; kh&ocirc;ng phải ai cũng biết. Những&nbsp;c&ocirc;ng thức nấu nước d&ugrave;ng cho m&oacute;n chay&nbsp;dưới đ&acirc;y sẽ gi&uacute;p bạn c&oacute; được một m&oacute;n ăn chay vừa ngon miệng lại bổ dưỡng.</p>\r\n	2015-12-25 08:03:39.890674	2015-12-25 08:03:39.890674
\.


--
-- Name: menu_contents_id_seq; Type: SEQUENCE SET; Schema: public; Owner: cvsk
--

SELECT pg_catalog.setval('menu_contents_id_seq', 1, true);


--
-- Data for Name: newsletters; Type: TABLE DATA; Schema: public; Owner: cvsk
--

COPY newsletters (id, email, created_at, updated_at) FROM stdin;
6	sonnn@hoangkhang.com.vn	2015-12-25 07:42:00.439107	2015-12-25 07:42:00.439107
1	huumoi76@gmail.com	2016-01-15 05:57:51.332972	2016-01-15 05:57:51.332972
\.


--
-- Name: newsletters_id_seq; Type: SEQUENCE SET; Schema: public; Owner: cvsk
--

SELECT pg_catalog.setval('newsletters_id_seq', 1, true);


--
-- Data for Name: order_details; Type: TABLE DATA; Schema: public; Owner: cvsk
--

COPY order_details (id, order_id, product_id, quantity, created_at, updated_at, price) FROM stdin;
1	1	1	3	2015-12-21 02:55:15.636288	2015-12-21 02:55:15.636288	15000.00
2	1	2	4	2015-12-21 02:55:15.684954	2015-12-21 02:55:15.684954	50000.00
3	1	3	5	2015-12-21 02:55:15.686487	2015-12-21 02:55:15.686487	15000.00
\.


--
-- Name: order_details_id_seq; Type: SEQUENCE SET; Schema: public; Owner: cvsk
--

SELECT pg_catalog.setval('order_details_id_seq', 1, false);


--
-- Data for Name: orders; Type: TABLE DATA; Schema: public; Owner: cvsk
--

COPY orders (id, type_id, customer_name, customer_email, customer_phone, many_people, message, created_at, updated_at, order_time, order_date) FROM stdin;
1	2	Nguyễn Ngọc Sơn	sonnn@hoangkhang.com.vn	01644046123	5	Đặt bàn VIP	2015-12-21 02:55:15.598133	2015-12-26 01:56:58.942079	\N	2015-12-26 00:00:00
\.


--
-- Name: orders_id_seq; Type: SEQUENCE SET; Schema: public; Owner: cvsk
--

SELECT pg_catalog.setval('orders_id_seq', 1, false);


--
-- Data for Name: parent_categories; Type: TABLE DATA; Schema: public; Owner: cvsk
--

COPY parent_categories (id, parent_id, category_id, created_at, updated_at) FROM stdin;
1	1	3	2015-12-19 15:05:35.061283	2015-12-19 15:05:35.061283
2	1	4	2015-12-19 15:05:41.62316	2015-12-19 15:05:41.62316
3	2	5	2015-12-19 15:05:55.115434	2015-12-19 15:05:55.115434
4	2	6	2015-12-19 15:06:08.851259	2015-12-19 15:06:08.851259
5	2	7	2015-12-25 01:06:44.618336	2015-12-25 01:06:44.618336
6	2	8	2015-12-25 01:09:08.311021	2015-12-25 01:09:08.311021
\.


--
-- Name: parent_categories_id_seq; Type: SEQUENCE SET; Schema: public; Owner: cvsk
--

SELECT pg_catalog.setval('parent_categories_id_seq', 6, true);


--
-- Data for Name: posts; Type: TABLE DATA; Schema: public; Owner: cvsk
--

COPY posts (id, tag_id, title, content, general_benefit, created_at, updated_at, image_url, run_check) FROM stdin;
1	3	asdsadsadsa	<p>sad6sads6ads6adsadsa</p>\r\n		2015-12-25 03:29:32.990781	2015-12-25 03:29:32.990781	goi-cuon.jpg	False
2	3	wqeqweqweqweqw	<p>qwew.qe.wq</p>\r\n		2015-12-25 03:29:46.826595	2015-12-25 03:29:46.826595	goi-cuon.jpg	False
3	3	dfdgfdgfdgfdgfd	<p>gfdgdfgfdgfdgfd</p>\r\n		2015-12-25 03:30:01.232898	2015-12-25 03:30:01.232898	o-do-khong-duong.jpg	False
4	3	wqezcz3xcxz3	<p>czxcadasdwqew.qrevvcvxc</p>\r\n		2015-12-25 03:30:16.340662	2015-12-25 03:30:16.340662	CQC8897.jpg	False
\.


--
-- Name: posts_id_seq; Type: SEQUENCE SET; Schema: public; Owner: cvsk
--

SELECT pg_catalog.setval('posts_id_seq', 1, false);


--
-- Data for Name: product_of_events; Type: TABLE DATA; Schema: public; Owner: cvsk
--

COPY product_of_events (id, post_id, product_id, created_at, updated_at) FROM stdin;
\.


--
-- Name: product_of_events_id_seq; Type: SEQUENCE SET; Schema: public; Owner: cvsk
--

SELECT pg_catalog.setval('product_of_events_id_seq', 1, false);


--
-- Name: products_id_seq; Type: SEQUENCE SET; Schema: public; Owner: cvsk
--

SELECT pg_catalog.setval('products_id_seq', 9, true);


--
-- Data for Name: roles; Type: TABLE DATA; Schema: public; Owner: cvsk
--

COPY roles (id, name, created_at, updated_at) FROM stdin;
1	registered	2016-01-04 02:11:52.651639	2016-01-04 02:11:52.651639
2	chef	2016-01-04 02:11:52.655373	2016-01-04 02:11:52.655373
3	admin	2016-01-04 02:11:52.657985	2016-01-04 02:11:52.657985
\.


--
-- Name: roles_id_seq; Type: SEQUENCE SET; Schema: public; Owner: cvsk
--

SELECT pg_catalog.setval('roles_id_seq', 33, true);


--
-- Data for Name: schema_migrations; Type: TABLE DATA; Schema: public; Owner: cvsk
--

COPY schema_migrations (version) FROM stdin;
20151130002340
20151130004953
20151130010211
20151130010428
20151130010526
20151130010720
20151130010742
20151130011114
20151130011146
20151202032247
20151207013559
20151208071646
20151208095159
20151209015909
20151211021103
20151211040554
20151211064257
20151212011854
20151212021329
20151212024419
20151212045213
20151214022034
20151214085128
20151215012454
20151215012653
20151215134025
20151218022609
20151219023652
20151219050222
20151219145820
20151229035206
20151229083144
20151229083203
\.


--
-- Data for Name: slide_shows; Type: TABLE DATA; Schema: public; Owner: cvsk
--

COPY slide_shows (id, image_url, title_1, title_2, description, created_at, updated_at, tag_name, link) FROM stdin;
1	2.jpg	DANH MỤC NHÀ HÀNG	LIÊN KẾT NHÀ HÀNG CHAY	Liên kết các đơn vị nhà hàng hợp tác để cung cấp các món ăn chay cho khách hàng.	2015-12-25 02:34:48.152791	2015-12-25 02:34:48.152791	General Manufacturers	http://192.168.1.79:3000/homes/general_manufacturer
\.


--
-- Name: slide_shows_id_seq; Type: SEQUENCE SET; Schema: public; Owner: cvsk
--

SELECT pg_catalog.setval('slide_shows_id_seq', 1, false);


--
-- Data for Name: tags; Type: TABLE DATA; Schema: public; Owner: cvsk
--

COPY tags (id, title, description, created_at, updated_at) FROM stdin;
1	Tin tức	Tạo các bài viết có nội dung là tin tức.	2015-12-19 15:00:14.202276	2015-12-19 15:00:14.202276
2	Sự kiện	Tạo các bài viết có nội dung là sự kiện.	2015-12-19 15:00:14.206351	2015-12-19 15:00:14.206351
3	Dịch vụ	Tạo các bài viết có nội dung là dịch vụ.	2015-12-19 15:00:14.208938	2015-12-19 15:00:14.208938
4	Lời giới thiệu	Tạo các bài viết có nội dung là lời giới thiệu ngằn gọn về triết lý kinh doanh của nhà hàng.	2015-12-19 15:00:14.211684	2015-12-19 15:00:14.211684
5	Giờ mở cửa	Cập nhật thông tin thời gian hoạt động của nhà hàng.	2015-12-19 15:00:14.214133	2015-12-19 15:00:14.214133
6	Liên hệ	Thay đổi nội dung trong trang liên hệ.	2015-12-19 15:00:14.21642	2015-12-19 15:00:14.21642
7	Tin tức	Tạo các bài viết có nội dung là tin tức (Trang tin tức).	2016-01-04 02:14:06.249468	2016-01-04 02:14:06.249468
8	Sự kiện	Tạo các bài viết có nội dung là sự kiện (Trang tin tức).	2016-01-04 02:14:06.253348	2016-01-04 02:14:06.253348
9	Dịch vụ	Tạo các bài viết có nội dung là dịch vụ (Trang dịch vụ).	2016-01-04 02:14:06.256099	2016-01-04 02:14:06.256099
10	Lời giới thiệu	Tạo các bài viết có nội dung là lời giới thiệu (Lời giới thiệu ở cuối trang).	2016-01-04 02:14:06.258853	2016-01-04 02:14:06.258853
11	Giờ mở cửa	Cập nhật thông tin thời gian hoạt động của nhà hàng.	2016-01-04 02:14:06.261284	2016-01-04 02:14:06.261284
12	Hình ảnh	Tạo các bài viết có nội dung là hình ảnh (Trang hình ảnh).	2016-01-04 02:14:06.264683	2016-01-04 02:14:06.264683
\.


--
-- Name: tags_id_seq; Type: SEQUENCE SET; Schema: public; Owner: cvsk
--

SELECT pg_catalog.setval('tags_id_seq', 33, true);


--
-- Data for Name: types; Type: TABLE DATA; Schema: public; Owner: cvsk
--

COPY types (id, title, description, created_at, updated_at) FROM stdin;
2	Giao hàng	Dành cho các đơn hàng là giao hàng.	2015-12-21 02:53:48.484594	2015-12-21 02:53:48.484594
1	Đặt món	Dành cho các đơn hàng là đặt món.	2015-12-21 02:53:26.944636	2015-12-21 02:54:02.322776
\.


--
-- Name: types_id_seq; Type: SEQUENCE SET; Schema: public; Owner: cvsk
--

SELECT pg_catalog.setval('types_id_seq', 2, true);


--
-- Data for Name: users; Type: TABLE DATA; Schema: public; Owner: cvsk
--

COPY users (id, email, encrypted_password, reset_password_token, reset_password_sent_at, remember_created_at, sign_in_count, current_sign_in_at, last_sign_in_at, current_sign_in_ip, last_sign_in_ip, created_at, updated_at, user_name, role_id) FROM stdin;
1	admin@chayvisuckhoe.com	$2a$10$lajKv4vqrpwNMBfq6tYd0.nzPUUWFN7IgYq0NOV66r3cF6UDKTBP6	\N	\N	\N	21	2016-01-15 07:02:11.63094	2016-01-11 02:49:27.619675	42.112.91.32	1.52.34.159	2015-12-19 15:00:14.37841	2016-01-15 07:02:11.633736	\N	\N
\.


--
-- Name: users_id_seq; Type: SEQUENCE SET; Schema: public; Owner: cvsk
--

SELECT pg_catalog.setval('users_id_seq', 33, true);


--
-- PostgreSQL database dump complete
--

