--
-- PostgreSQL database dump
--

SET statement_timeout = 0;
SET lock_timeout = 0;
SET client_encoding = 'UTF8';
SET standard_conforming_strings = on;
SET check_function_bodies = false;
SET client_min_messages = warning;

SET search_path = public, pg_catalog;

--
-- Data for Name: carts; Type: TABLE DATA; Schema: public; Owner: nguyenngocson0811
--

COPY carts (id, created_at, updated_at) FROM stdin;
1	2015-12-19 15:00:32.347271	2015-12-19 15:00:32.347271
2	2015-12-20 14:25:17.138729	2015-12-20 14:25:17.138729
3	2015-12-21 02:11:21.803896	2015-12-21 02:11:21.803896
4	2015-12-25 01:10:27.473385	2015-12-25 01:10:27.473385
5	2015-12-25 04:38:57.226122	2015-12-25 04:38:57.226122
6	2015-12-25 04:39:46.723888	2015-12-25 04:39:46.723888
7	2015-12-25 07:58:44.940509	2015-12-25 07:58:44.940509
8	2015-12-25 08:56:53.304613	2015-12-25 08:56:53.304613
9	2015-12-25 09:05:26.728336	2015-12-25 09:05:26.728336
10	2015-12-25 14:59:45.677787	2015-12-25 14:59:45.677787
11	2015-12-25 22:16:44.846026	2015-12-25 22:16:44.846026
12	2015-12-26 01:24:11.561643	2015-12-26 01:24:11.561643
13	2015-12-26 02:28:36.810981	2015-12-26 02:28:36.810981
\.


--
-- Name: carts_id_seq; Type: SEQUENCE SET; Schema: public; Owner: nguyenngocson0811
--

SELECT pg_catalog.setval('carts_id_seq', 13, true);


--
-- Data for Name: categories; Type: TABLE DATA; Schema: public; Owner: nguyenngocson0811
--

COPY categories (id, title, description, created_at, updated_at, level) FROM stdin;
1	Thực đơn chính		2015-12-19 15:00:14.255415	2015-12-19 15:00:14.255415	1
2	Thức uống		2015-12-19 15:00:14.258888	2015-12-19 15:00:14.258888	1
3	Cơm chay		2015-12-19 15:05:35.059054	2015-12-19 15:05:35.059054	2
4	Món xào		2015-12-19 15:05:41.610617	2015-12-19 15:05:41.610617	2
5	Sửa đậu nành		2015-12-19 15:05:55.113532	2015-12-19 15:05:55.113532	2
6	La hán quả		2015-12-19 15:06:08.849377	2015-12-19 15:06:08.849377	2
7	Cà phê		2015-12-25 01:06:44.589765	2015-12-25 01:06:44.589765	2
8	Nước giải khát		2015-12-25 01:09:08.309261	2015-12-25 01:09:08.309261	2
\.


--
-- Name: categories_id_seq; Type: SEQUENCE SET; Schema: public; Owner: nguyenngocson0811
--

SELECT pg_catalog.setval('categories_id_seq', 8, true);


--
-- Data for Name: contacts; Type: TABLE DATA; Schema: public; Owner: nguyenngocson0811
--

COPY contacts (id, name, email, phone, website, message, created_at, updated_at) FROM stdin;
\.


--
-- Name: contacts_id_seq; Type: SEQUENCE SET; Schema: public; Owner: nguyenngocson0811
--

SELECT pg_catalog.setval('contacts_id_seq', 3, true);


--
-- Data for Name: homes; Type: TABLE DATA; Schema: public; Owner: nguyenngocson0811
--

COPY homes (id, created_at, updated_at) FROM stdin;
\.


--
-- Name: homes_id_seq; Type: SEQUENCE SET; Schema: public; Owner: nguyenngocson0811
--

SELECT pg_catalog.setval('homes_id_seq', 1, false);


--
-- Data for Name: products; Type: TABLE DATA; Schema: public; Owner: nguyenngocson0811
--

COPY products (id, image_url, name, price, category_id, manufacturer_id, description, created_at, updated_at) FROM stdin;
1	chay-rau-nam.jpg	Chay rau nấm	15000.00	3	1		2015-12-19 15:06:25.303458	2015-12-19 15:06:25.303458
2	goi-cuon.jpg	Cơm ABC	50000.00	3	2		2015-12-19 15:06:41.287654	2015-12-19 15:06:41.287654
4	ca-phe-den.JPG	Cà phê đen	10000.00	7	2		2015-12-25 01:07:13.272935	2015-12-25 01:07:13.272935
5	ca-phe-3-tang.jpg	Cà phê 3 tầng	25000.00	7	3		2015-12-25 01:07:40.91125	2015-12-25 01:07:40.91125
6	ca-phe.jpg	Cà phê sửa	15000.00	7	2		2015-12-25 01:08:04.385893	2015-12-25 01:08:04.385893
7	c2.jpg	Trà xanh C2	10000.00	8	2		2015-12-25 01:09:33.88139	2015-12-25 01:09:33.88139
8	CQC8897.jpg	Mì xào giòn	25000.00	4	1		2015-12-25 01:10:07.473053	2015-12-25 01:10:07.473053
3	ca-phe-den.JPG	La hán quả	15000.00	6	1		2015-12-19 15:07:06.545869	2015-12-25 07:07:50.80983
9	chay-rau-nam.jpg	Mì chay rau nấm 	25000.00	3	1		2015-12-25 07:08:33.962951	2015-12-25 07:08:33.962951
\.


--
-- Data for Name: line_items; Type: TABLE DATA; Schema: public; Owner: nguyenngocson0811
--

COPY line_items (id, product_id, cart_id, created_at, updated_at, quantity) FROM stdin;
1	1	1	2015-12-19 15:07:18.250623	2015-12-19 15:07:30.7807	2
2	2	1	2015-12-19 15:07:25.329622	2015-12-19 15:07:30.798599	4
3	3	2	2015-12-20 14:25:17.294975	2015-12-20 14:30:01.272653	6
5	1	2	2015-12-20 14:25:50.838093	2015-12-20 14:30:54.287368	4
4	2	2	2015-12-20 14:25:42.9531	2015-12-20 14:30:58.298755	3
7	3	3	2015-12-21 02:21:29.524099	2015-12-21 02:22:13.333171	5
6	1	3	2015-12-21 02:21:23.092106	2015-12-21 03:08:01.508269	3
8	2	3	2015-12-21 02:21:34.67363	2015-12-21 03:38:14.224787	2
10	8	4	2015-12-25 01:14:56.44374	2015-12-25 01:15:20.106134	3
11	7	4	2015-12-25 01:15:07.787005	2015-12-25 01:15:44.689751	3
13	6	4	2015-12-25 01:15:25.417035	2015-12-25 01:15:44.734512	2
12	1	4	2015-12-25 01:15:12.425134	2015-12-25 02:38:53.990173	2
16	9	9	2015-12-25 09:05:46.726613	2015-12-25 09:06:01.742176	5
18	1	10	2015-12-25 15:03:33.369701	2015-12-25 15:03:33.369701	1
19	7	10	2015-12-25 15:03:40.33041	2015-12-25 15:03:40.33041	1
20	6	10	2015-12-25 15:03:45.52905	2015-12-25 15:03:45.52905	1
22	9	11	2015-12-25 22:16:50.438087	2015-12-25 22:16:50.438087	1
21	1	11	2015-12-25 22:16:44.853108	2015-12-25 22:17:02.651226	2
23	7	11	2015-12-25 22:16:55.940366	2015-12-25 22:17:02.691075	3
24	1	12	2015-12-26 01:24:16.114471	2015-12-26 02:05:21.069232	3
25	8	12	2015-12-26 01:24:19.486	2015-12-26 02:05:21.10005	5
26	6	12	2015-12-26 01:24:25.094694	2015-12-26 02:05:21.150586	2
27	7	12	2015-12-26 02:05:10.48775	2015-12-26 02:05:21.194706	8
28	4	12	2015-12-26 02:07:22.243759	2015-12-26 02:07:31.724259	2
30	8	13	2015-12-26 02:29:32.960747	2015-12-26 02:29:47.53501	2
31	3	13	2015-12-26 02:29:36.062176	2015-12-26 02:29:47.566179	2
33	7	13	2015-12-26 03:29:38.585591	2015-12-26 03:29:44.996427	3
32	6	13	2015-12-26 03:29:35.167223	2015-12-26 03:31:35.419872	5
\.


--
-- Name: line_items_id_seq; Type: SEQUENCE SET; Schema: public; Owner: nguyenngocson0811
--

SELECT pg_catalog.setval('line_items_id_seq', 33, true);


--
-- Data for Name: listing_menu_products; Type: TABLE DATA; Schema: public; Owner: nguyenngocson0811
--

COPY listing_menu_products (id, menu_content_id, product_id, created_at, updated_at) FROM stdin;
1	1	1	2015-12-25 08:03:39.927141	2015-12-25 08:03:39.927141
2	1	2	2015-12-25 08:03:39.944197	2015-12-25 08:03:39.944197
3	1	4	2015-12-25 08:03:39.945718	2015-12-25 08:03:39.945718
4	1	5	2015-12-25 08:03:39.946994	2015-12-25 08:03:39.946994
5	1	8	2015-12-25 08:03:39.953542	2015-12-25 08:03:39.953542
\.


--
-- Name: listing_menu_products_id_seq; Type: SEQUENCE SET; Schema: public; Owner: nguyenngocson0811
--

SELECT pg_catalog.setval('listing_menu_products_id_seq', 5, true);


--
-- Data for Name: mains; Type: TABLE DATA; Schema: public; Owner: nguyenngocson0811
--

COPY mains (id, created_at, updated_at) FROM stdin;
\.


--
-- Name: mains_id_seq; Type: SEQUENCE SET; Schema: public; Owner: nguyenngocson0811
--

SELECT pg_catalog.setval('mains_id_seq', 1, false);


--
-- Data for Name: manufacturer_images; Type: TABLE DATA; Schema: public; Owner: nguyenngocson0811
--

COPY manufacturer_images (id, manufacturer_id, listing_image_url, created_at, updated_at) FROM stdin;
1	3	ca-phe-den.JPG	2015-12-21 03:19:25.834078	2015-12-21 03:19:25.834078
2	3	c2.jpg	2015-12-21 03:19:25.881741	2015-12-21 03:19:25.881741
3	3	CQC8897.jpg	2015-12-21 03:19:25.902356	2015-12-21 03:19:25.902356
4	3	goi-cuon.jpg	2015-12-21 03:19:25.927787	2015-12-21 03:19:25.927787
\.


--
-- Name: manufacturer_images_id_seq; Type: SEQUENCE SET; Schema: public; Owner: nguyenngocson0811
--

SELECT pg_catalog.setval('manufacturer_images_id_seq', 4, true);


--
-- Data for Name: manufacturers; Type: TABLE DATA; Schema: public; Owner: nguyenngocson0811
--

COPY manufacturers (id, image_url, name, address, phone, email, intro, created_at, updated_at) FROM stdin;
1	CQC8897.jpg	Chay vì sức khỏe	TP.HCM	0918 214 859	info@chayvisuckhoe.com		2015-12-19 15:00:14.236581	2015-12-21 02:20:59.573015
3	goi-cuon.jpg	Thuyền Viên	Gò Vấp, TP.HCM	0111223232	info@thuyenvien.com.vn		2015-12-21 03:19:25.811352	2015-12-21 03:19:25.811352
2	chay-rau-nam.jpg	Thiện Nhân	Q.Gò Vấp, TP.HCM	0123 456 789	info@thiennhan.com		2015-12-19 15:00:14.240597	2015-12-25 02:35:14.315442
\.


--
-- Name: manufacturers_id_seq; Type: SEQUENCE SET; Schema: public; Owner: nguyenngocson0811
--

SELECT pg_catalog.setval('manufacturers_id_seq', 3, true);


--
-- Data for Name: menu_contents; Type: TABLE DATA; Schema: public; Owner: nguyenngocson0811
--

COPY menu_contents (id, title, content, created_at, updated_at) FROM stdin;
1	Lợi ích khi dùng thực phẩm chay	<p>Ăn chay mang lại rất nhiều lợi &iacute;ch cho sức khỏe của bạn, tuy nhi&ecirc;n c&aacute;ch chế biến m&oacute;n ăn chay cần sử dụng đến nước d&ugrave;ng th&igrave; kh&ocirc;ng phải ai cũng biết. Những&nbsp;c&ocirc;ng thức nấu nước d&ugrave;ng cho m&oacute;n chay&nbsp;dưới đ&acirc;y sẽ gi&uacute;p bạn c&oacute; được một m&oacute;n ăn chay vừa ngon miệng lại bổ dưỡng.</p>\r\n	2015-12-25 08:03:39.890674	2015-12-25 08:03:39.890674
\.


--
-- Name: menu_contents_id_seq; Type: SEQUENCE SET; Schema: public; Owner: nguyenngocson0811
--

SELECT pg_catalog.setval('menu_contents_id_seq', 1, true);


--
-- Data for Name: newsletters; Type: TABLE DATA; Schema: public; Owner: nguyenngocson0811
--

COPY newsletters (id, email, created_at, updated_at) FROM stdin;
6	sonnn@hoangkhang.com.vn	2015-12-25 07:42:00.439107	2015-12-25 07:42:00.439107
\.


--
-- Name: newsletters_id_seq; Type: SEQUENCE SET; Schema: public; Owner: nguyenngocson0811
--

SELECT pg_catalog.setval('newsletters_id_seq', 7, true);


--
-- Data for Name: order_details; Type: TABLE DATA; Schema: public; Owner: nguyenngocson0811
--

COPY order_details (id, order_id, product_id, quantity, created_at, updated_at, price) FROM stdin;
1	1	1	3	2015-12-21 02:55:15.636288	2015-12-21 02:55:15.636288	15000.00
2	1	2	4	2015-12-21 02:55:15.684954	2015-12-21 02:55:15.684954	50000.00
3	1	3	5	2015-12-21 02:55:15.686487	2015-12-21 02:55:15.686487	15000.00
4	8	8	2	2015-12-26 03:48:49.753118	2015-12-26 03:48:49.753118	25000.00
5	8	3	2	2015-12-26 03:48:49.798666	2015-12-26 03:48:49.798666	15000.00
6	8	6	5	2015-12-26 03:48:49.808789	2015-12-26 03:48:49.808789	15000.00
7	8	7	3	2015-12-26 03:48:49.816204	2015-12-26 03:48:49.816204	10000.00
\.


--
-- Name: order_details_id_seq; Type: SEQUENCE SET; Schema: public; Owner: nguyenngocson0811
--

SELECT pg_catalog.setval('order_details_id_seq', 7, true);


--
-- Data for Name: orders; Type: TABLE DATA; Schema: public; Owner: nguyenngocson0811
--

COPY orders (id, type_id, customer_name, customer_email, customer_phone, many_people, message, created_at, updated_at, order_time, order_date) FROM stdin;
1	2	Nguyễn Ngọc Sơn	sonnn@hoangkhang.com.vn	01644046123	5	Đặt bàn VIP	2015-12-21 02:55:15.598133	2015-12-26 01:56:58.942079	\N	2015-12-26 00:00:00
7	2				\N		2015-12-26 03:46:53.235697	2015-12-26 03:46:53.235697	\N	2015-12-26 10:46:00
8	2				\N		2015-12-26 03:48:49.685806	2015-12-26 03:48:49.685806	\N	2015-12-26 10:48:00
\.


--
-- Name: orders_id_seq; Type: SEQUENCE SET; Schema: public; Owner: nguyenngocson0811
--

SELECT pg_catalog.setval('orders_id_seq', 8, true);


--
-- Data for Name: parent_categories; Type: TABLE DATA; Schema: public; Owner: nguyenngocson0811
--

COPY parent_categories (id, parent_id, category_id, created_at, updated_at) FROM stdin;
1	1	3	2015-12-19 15:05:35.061283	2015-12-19 15:05:35.061283
2	1	4	2015-12-19 15:05:41.62316	2015-12-19 15:05:41.62316
3	2	5	2015-12-19 15:05:55.115434	2015-12-19 15:05:55.115434
4	2	6	2015-12-19 15:06:08.851259	2015-12-19 15:06:08.851259
5	2	7	2015-12-25 01:06:44.618336	2015-12-25 01:06:44.618336
6	2	8	2015-12-25 01:09:08.311021	2015-12-25 01:09:08.311021
\.


--
-- Name: parent_categories_id_seq; Type: SEQUENCE SET; Schema: public; Owner: nguyenngocson0811
--

SELECT pg_catalog.setval('parent_categories_id_seq', 6, true);


--
-- Data for Name: posts; Type: TABLE DATA; Schema: public; Owner: nguyenngocson0811
--

COPY posts (id, tag_id, title, content, general_benefit, created_at, updated_at, image_url, run_check) FROM stdin;
1	3	asdsadsadsa	<p>sad6sads6ads6adsadsa</p>\r\n		2015-12-25 03:29:32.990781	2015-12-25 03:29:32.990781	goi-cuon.jpg	False
2	3	wqeqweqweqweqw	<p>qwew.qe.wq</p>\r\n		2015-12-25 03:29:46.826595	2015-12-25 03:29:46.826595	goi-cuon.jpg	False
3	3	dfdgfdgfdgfdgfd	<p>gfdgdfgfdgfdgfd</p>\r\n		2015-12-25 03:30:01.232898	2015-12-25 03:30:01.232898	o-do-khong-duong.jpg	False
4	3	wqezcz3xcxz3	<p>czxcadasdwqew.qrevvcvxc</p>\r\n		2015-12-25 03:30:16.340662	2015-12-25 03:30:16.340662	CQC8897.jpg	False
\.


--
-- Name: posts_id_seq; Type: SEQUENCE SET; Schema: public; Owner: nguyenngocson0811
--

SELECT pg_catalog.setval('posts_id_seq', 4, true);


--
-- Data for Name: product_of_events; Type: TABLE DATA; Schema: public; Owner: nguyenngocson0811
--

COPY product_of_events (id, post_id, product_id, created_at, updated_at) FROM stdin;
\.


--
-- Name: product_of_events_id_seq; Type: SEQUENCE SET; Schema: public; Owner: nguyenngocson0811
--

SELECT pg_catalog.setval('product_of_events_id_seq', 1, false);


--
-- Name: products_id_seq; Type: SEQUENCE SET; Schema: public; Owner: nguyenngocson0811
--

SELECT pg_catalog.setval('products_id_seq', 9, true);


--
-- Data for Name: schema_migrations; Type: TABLE DATA; Schema: public; Owner: nguyenngocson0811
--

COPY schema_migrations (version) FROM stdin;
20151130002340
20151130004953
20151130010211
20151130010428
20151130010526
20151130010720
20151130010742
20151130011114
20151130011146
20151202032247
20151207013559
20151208071646
20151208095159
20151209015909
20151211021103
20151211040554
20151211064257
20151212011854
20151212021329
20151212024419
20151212045213
20151214022034
20151214085128
20151215012454
20151215012653
20151215134025
20151218022609
20151219023652
20151219050222
20151219145820
\.


--
-- Data for Name: slide_shows; Type: TABLE DATA; Schema: public; Owner: nguyenngocson0811
--

COPY slide_shows (id, image_url, title_1, title_2, description, created_at, updated_at, tag_name, link) FROM stdin;
1	2.jpg	DANH MỤC NHÀ HÀNG	LIÊN KẾT NHÀ HÀNG CHAY	Liên kết các đơn vị nhà hàng hợp tác để cung cấp các món ăn chay cho khách hàng.	2015-12-25 02:34:48.152791	2015-12-25 02:34:48.152791	General Manufacturers	http://192.168.1.79:3000/homes/general_manufacturer
\.


--
-- Name: slide_shows_id_seq; Type: SEQUENCE SET; Schema: public; Owner: nguyenngocson0811
--

SELECT pg_catalog.setval('slide_shows_id_seq', 1, true);


--
-- Data for Name: tags; Type: TABLE DATA; Schema: public; Owner: nguyenngocson0811
--

COPY tags (id, title, description, created_at, updated_at) FROM stdin;
1	Tin tức	Tạo các bài viết có nội dung là tin tức.	2015-12-19 15:00:14.202276	2015-12-19 15:00:14.202276
2	Sự kiện	Tạo các bài viết có nội dung là sự kiện.	2015-12-19 15:00:14.206351	2015-12-19 15:00:14.206351
3	Dịch vụ	Tạo các bài viết có nội dung là dịch vụ.	2015-12-19 15:00:14.208938	2015-12-19 15:00:14.208938
4	Lời giới thiệu	Tạo các bài viết có nội dung là lời giới thiệu ngằn gọn về triết lý kinh doanh của nhà hàng.	2015-12-19 15:00:14.211684	2015-12-19 15:00:14.211684
5	Giờ mở cửa	Cập nhật thông tin thời gian hoạt động của nhà hàng.	2015-12-19 15:00:14.214133	2015-12-19 15:00:14.214133
6	Liên hệ	Thay đổi nội dung trong trang liên hệ.	2015-12-19 15:00:14.21642	2015-12-19 15:00:14.21642
\.


--
-- Name: tags_id_seq; Type: SEQUENCE SET; Schema: public; Owner: nguyenngocson0811
--

SELECT pg_catalog.setval('tags_id_seq', 6, true);


--
-- Data for Name: types; Type: TABLE DATA; Schema: public; Owner: nguyenngocson0811
--

COPY types (id, title, description, created_at, updated_at) FROM stdin;
2	Giao hàng	Dành cho các đơn hàng là giao hàng.	2015-12-21 02:53:48.484594	2015-12-21 02:53:48.484594
1	Đặt món	Dành cho các đơn hàng là đặt món.	2015-12-21 02:53:26.944636	2015-12-21 02:54:02.322776
\.


--
-- Name: types_id_seq; Type: SEQUENCE SET; Schema: public; Owner: nguyenngocson0811
--

SELECT pg_catalog.setval('types_id_seq', 2, true);


--
-- Data for Name: users; Type: TABLE DATA; Schema: public; Owner: nguyenngocson0811
--

COPY users (id, email, encrypted_password, reset_password_token, reset_password_sent_at, remember_created_at, sign_in_count, current_sign_in_at, last_sign_in_at, current_sign_in_ip, last_sign_in_ip, created_at, updated_at) FROM stdin;
1	admin@chayvisuckhoe.com	$2a$10$lajKv4vqrpwNMBfq6tYd0.nzPUUWFN7IgYq0NOV66r3cF6UDKTBP6	\N	\N	\N	16	2015-12-26 02:20:02.476661	2015-12-26 01:24:48.032492	192.168.1.92	192.168.1.92	2015-12-19 15:00:14.37841	2015-12-26 02:20:02.482324
\.


--
-- Name: users_id_seq; Type: SEQUENCE SET; Schema: public; Owner: nguyenngocson0811
--

SELECT pg_catalog.setval('users_id_seq', 1, true);


--
-- PostgreSQL database dump complete
--

